voto,dep. federal,partido,estado,img
Arthur Lira,Chiquinho Brazão ,Avante,RJ,https://arte.estadao.com.br/public/placar/img/voter/204476.jpg
Arthur Lira,Greyce Elias ,Avante,MG,https://arte.estadao.com.br/public/placar/img/voter/198197.jpg
Arthur Lira,Leda Sadala ,Avante,AP,https://arte.estadao.com.br/public/placar/img/voter/204375.jpg
Arthur Lira,Luis Tibé ,Avante,MG,https://arte.estadao.com.br/public/placar/img/voter/160510.jpg
Arthur Lira,Sebastião Oliveira ,Avante,PE,https://arte.estadao.com.br/public/placar/img/voter/178921.jpg
Arthur Lira,Tito ,Avante,BA,https://arte.estadao.com.br/public/placar/img/voter/197438.jpg
Arthur Lira,Alan Rick ,DEM,AC,https://arte.estadao.com.br/public/placar/img/voter/178836.jpg
Arthur Lira,Arthur Oliveira Maia ,DEM,BA,https://arte.estadao.com.br/public/placar/img/voter/160600.jpg
Arthur Lira,Carlos Henrique Gaguim ,DEM,TO,https://arte.estadao.com.br/public/placar/img/voter/178993.jpg
Arthur Lira,David Soares ,DEM,SP,https://arte.estadao.com.br/public/placar/img/voter/204511.jpg
Arthur Lira,Dr. Zacharias Calil ,DEM,GO,https://arte.estadao.com.br/public/placar/img/voter/204412.jpg
Arthur Lira,Elmar Nascimento ,DEM,BA,https://arte.estadao.com.br/public/placar/img/voter/178854.jpg
Arthur Lira,Leur Lomanto Júnior ,DEM,BA,https://arte.estadao.com.br/public/placar/img/voter/92102.jpg
Arthur Lira,Luis Miranda ,DEM,DF,https://arte.estadao.com.br/public/placar/img/voter/204381.jpg
Arthur Lira,Norma Ayub ,DEM,ES,https://arte.estadao.com.br/public/placar/img/voter/66179.jpg
Arthur Lira,Onyx Lorenzoni ,DEM,RS,https://arte.estadao.com.br/public/placar/img/voter/74399.jpg
Arthur Lira,Pedro Lupion ,DEM,PR,https://arte.estadao.com.br/public/placar/img/voter/204395.jpg
Arthur Lira,Tereza Cristina ,DEM,MS,https://arte.estadao.com.br/public/placar/img/voter/178901.jpg
Arthur Lira,Daniela do Waguinho ,MDB,RJ,https://arte.estadao.com.br/public/placar/img/voter/204459.jpg
Arthur Lira,Osmar Terra ,MDB,RS,https://arte.estadao.com.br/public/placar/img/voter/73692.jpg
Arthur Lira,Alcides Rodrigues ,Patriota,GO,https://arte.estadao.com.br/public/placar/img/voter/204413.jpg
Arthur Lira,Dr. Frederico ,Patriota,MG,https://arte.estadao.com.br/public/placar/img/voter/204518.jpg
Arthur Lira,Fred Costa ,Patriota,MG,https://arte.estadao.com.br/public/placar/img/voter/204494.jpg
Arthur Lira,Marreca Filho ,Patriota,MA,https://arte.estadao.com.br/public/placar/img/voter/204566.jpg
Arthur Lira,Pastor Eurico ,Patriota,PE,https://arte.estadao.com.br/public/placar/img/voter/160642.jpg
Arthur Lira,Roman ,Patriota,PR,https://arte.estadao.com.br/public/placar/img/voter/178930.jpg
Arthur Lira,Gil Cutrim ,PDT,MA,https://arte.estadao.com.br/public/placar/img/voter/204575.jpg
Arthur Lira,Abílio Santana ,PL,BA,https://arte.estadao.com.br/public/placar/img/voter/204554.jpg
Arthur Lira,Aelton Freitas ,PL,MG,https://arte.estadao.com.br/public/placar/img/voter/141372.jpg
Arthur Lira,Altineu Côrtes ,PL,RJ,https://arte.estadao.com.br/public/placar/img/voter/178937.jpg
Arthur Lira,Bosco Costa ,PL,SE,https://arte.estadao.com.br/public/placar/img/voter/74052.jpg
Arthur Lira,Capitão Augusto ,PL,SP,https://arte.estadao.com.br/public/placar/img/voter/178829.jpg
Arthur Lira,Capitão Fábio Abreu ,PL,PI,https://arte.estadao.com.br/public/placar/img/voter/178924.jpg
Arthur Lira,Cristiano Vale ,PL,PA,https://arte.estadao.com.br/public/placar/img/voter/135054.jpg
Arthur Lira,Dr. Jaziel ,PL,CE,https://arte.estadao.com.br/public/placar/img/voter/204481.jpg
Arthur Lira,Edio Lopes ,PL,RR,https://arte.estadao.com.br/public/placar/img/voter/141417.jpg
Arthur Lira,Fernando Rodolfo ,PL,PE,https://arte.estadao.com.br/public/placar/img/voter/204427.jpg
Arthur Lira,Flávia Arruda ,PL,DF,https://arte.estadao.com.br/public/placar/img/voter/204354.jpg
Arthur Lira,Gelson Azevedo ,PL,RJ,https://arte.estadao.com.br/public/placar/img/voter/115746.jpg
Arthur Lira,Giacobo ,PL,PR,https://arte.estadao.com.br/public/placar/img/voter/74383.jpg
Arthur Lira,Giovani Cherini ,PL,RS,https://arte.estadao.com.br/public/placar/img/voter/160673.jpg
Arthur Lira,João Carlos Bacelar ,PL,BA,https://arte.estadao.com.br/public/placar/img/voter/141458.jpg
Arthur Lira,João Maia ,PL,RN,https://arte.estadao.com.br/public/placar/img/voter/141459.jpg
Arthur Lira,Jorge Goetten ,PL,SC,https://arte.estadao.com.br/public/placar/img/voter/214694.jpg
Arthur Lira,José Rocha ,PL,BA,https://arte.estadao.com.br/public/placar/img/voter/74554.jpg
Arthur Lira,Júnior Mano ,PL,CE,https://arte.estadao.com.br/public/placar/img/voter/204550.jpg
Arthur Lira,Lincoln Portela ,PL,MG,https://arte.estadao.com.br/public/placar/img/voter/74585.jpg
Arthur Lira,Luiz Carlos Motta ,PL,SP,https://arte.estadao.com.br/public/placar/img/voter/204485.jpg
Arthur Lira,Luiz Nishimori ,PL,PR,https://arte.estadao.com.br/public/placar/img/voter/162332.jpg
Arthur Lira,Magda Mofatto ,PL,GO,https://arte.estadao.com.br/public/placar/img/voter/166402.jpg
Arthur Lira,Marcelo Ramos ,PL,AM,https://arte.estadao.com.br/public/placar/img/voter/204556.jpg
Arthur Lira,Marcio Alvino ,PL,SP,https://arte.estadao.com.br/public/placar/img/voter/178983.jpg
Arthur Lira,Miguel Lombardi ,PL,SP,https://arte.estadao.com.br/public/placar/img/voter/178985.jpg
Arthur Lira,Pastor Gil ,PL,MA,https://arte.estadao.com.br/public/placar/img/voter/204570.jpg
Arthur Lira,Policial Katia Sastre ,PL,SP,https://arte.estadao.com.br/public/placar/img/voter/204529.jpg
Arthur Lira,Raimundo Costa ,PL,BA,https://arte.estadao.com.br/public/placar/img/voter/204567.jpg
Arthur Lira,Sergio Toledo ,PL,AL,https://arte.estadao.com.br/public/placar/img/voter/204438.jpg
Arthur Lira,Soraya Santos ,PL,RJ,https://arte.estadao.com.br/public/placar/img/voter/178946.jpg
Arthur Lira,Valdevan Noventa ,PL,SE,https://arte.estadao.com.br/public/placar/img/voter/204385.jpg
Arthur Lira,Vicentinho Júnior ,PL,TO,https://arte.estadao.com.br/public/placar/img/voter/137070.jpg
Arthur Lira,Vinicius Gurgel ,PL,AP,https://arte.estadao.com.br/public/placar/img/voter/160591.jpg
Arthur Lira,Wellington Roberto ,PL,PB,https://arte.estadao.com.br/public/placar/img/voter/74043.jpg
Arthur Lira,Zé Vitor ,PL,MG,https://arte.estadao.com.br/public/placar/img/voter/204517.jpg
Arthur Lira,Bacelar ,PODE,BA,https://arte.estadao.com.br/public/placar/img/voter/69871.jpg
Arthur Lira,Diego Garcia ,PODE,PR,https://arte.estadao.com.br/public/placar/img/voter/178929.jpg
Arthur Lira,José Medeiros ,PODE,MT,https://arte.estadao.com.br/public/placar/img/voter/204472.jpg
Arthur Lira,José Nelto ,PODE,GO,https://arte.estadao.com.br/public/placar/img/voter/204391.jpg
Arthur Lira,Renata Abreu ,PODE,SP,https://arte.estadao.com.br/public/placar/img/voter/178989.jpg
Arthur Lira,Ricardo Teobaldo ,PODE,PE,https://arte.estadao.com.br/public/placar/img/voter/178920.jpg
Arthur Lira,Roberto de Lucena ,PODE,SP,https://arte.estadao.com.br/public/placar/img/voter/160653.jpg
Arthur Lira,Adriano do Baldy ,PP,GO,https://arte.estadao.com.br/public/placar/img/voter/121948.jpg
Arthur Lira,Afonso Hamm ,PP,RS,https://arte.estadao.com.br/public/placar/img/voter/136811.jpg
Arthur Lira,AJ Albuquerque ,PP,CE,https://arte.estadao.com.br/public/placar/img/voter/204549.jpg
Arthur Lira,André Abdon ,PP,AP,https://arte.estadao.com.br/public/placar/img/voter/178831.jpg
Arthur Lira,André Fufuca ,PP,MA,https://arte.estadao.com.br/public/placar/img/voter/178882.jpg
Arthur Lira,Angela Amin ,PP,SC,https://arte.estadao.com.br/public/placar/img/voter/73696.jpg
Arthur Lira,Arthur Lira ,PP,AL,https://arte.estadao.com.br/public/placar/img/voter/160541.jpg
Arthur Lira,Átila Lins ,PP,AM,https://arte.estadao.com.br/public/placar/img/voter/74090.jpg
Arthur Lira,Átila Lira ,PP,PI,https://arte.estadao.com.br/public/placar/img/voter/74459.jpg
Arthur Lira,Beto Rosado ,PP,RN,https://arte.estadao.com.br/public/placar/img/voter/178948.jpg
Arthur Lira,Cacá Leão ,PP,BA,https://arte.estadao.com.br/public/placar/img/voter/93083.jpg
Arthur Lira,Celina Leão ,PP,DF,https://arte.estadao.com.br/public/placar/img/voter/204380.jpg
Arthur Lira,Christino Aureo ,PP,RJ,https://arte.estadao.com.br/public/placar/img/voter/204440.jpg
Arthur Lira,Claudio Cajado ,PP,BA,https://arte.estadao.com.br/public/placar/img/voter/74537.jpg
Arthur Lira,Dimas Fabiano ,PP,MG,https://arte.estadao.com.br/public/placar/img/voter/160599.jpg
Arthur Lira,Dr. Luiz Antonio Teixeira Jr. ,PP,RJ,https://arte.estadao.com.br/public/placar/img/voter/204450.jpg
Arthur Lira,Eduardo da Fonte ,PP,PE,https://arte.estadao.com.br/public/placar/img/voter/141421.jpg
Arthur Lira,Evair Vieira de Melo ,PP,ES,https://arte.estadao.com.br/public/placar/img/voter/178871.jpg
Arthur Lira,Fausto Pinato ,PP,SP,https://arte.estadao.com.br/public/placar/img/voter/66828.jpg
Arthur Lira,Fernando Monteiro ,PP,PE,https://arte.estadao.com.br/public/placar/img/voter/92699.jpg
Arthur Lira,Franco Cartafina ,PP,MG,https://arte.estadao.com.br/public/placar/img/voter/204510.jpg
Arthur Lira,Guilherme Derrite ,PP,SP,https://arte.estadao.com.br/public/placar/img/voter/204531.jpg
Arthur Lira,Guilherme Mussi ,PP,SP,https://arte.estadao.com.br/public/placar/img/voter/160667.jpg
Arthur Lira,Hiran Gonçalves ,PP,RR,https://arte.estadao.com.br/public/placar/img/voter/178959.jpg
Arthur Lira,Iracema Portella ,PP,PI,https://arte.estadao.com.br/public/placar/img/voter/67138.jpg
Arthur Lira,Jaqueline Cassol ,PP,RO,https://arte.estadao.com.br/public/placar/img/voter/108338.jpg
Arthur Lira,Jerônimo Goergen ,PP,RS,https://arte.estadao.com.br/public/placar/img/voter/160570.jpg
Arthur Lira,Laercio Oliveira ,PP,SE,https://arte.estadao.com.br/public/placar/img/voter/151208.jpg
Arthur Lira,Marcelo Aro ,PP,MG,https://arte.estadao.com.br/public/placar/img/voter/146788.jpg
Arthur Lira,Margarete Coelho ,PP,PI,https://arte.estadao.com.br/public/placar/img/voter/204430.jpg
Arthur Lira,Mário Negromonte Jr. ,PP,BA,https://arte.estadao.com.br/public/placar/img/voter/178858.jpg
Arthur Lira,Neri Geller ,PP,MT,https://arte.estadao.com.br/public/placar/img/voter/146307.jpg
Arthur Lira,Pedro Westphalen ,PP,RS,https://arte.estadao.com.br/public/placar/img/voter/204406.jpg
Arthur Lira,Pinheirinho ,PP,MG,https://arte.estadao.com.br/public/placar/img/voter/204524.jpg
Arthur Lira,Professor Alcides ,PP,GO,https://arte.estadao.com.br/public/placar/img/voter/204390.jpg
Arthur Lira,Ricardo Barros ,PP,PR,https://arte.estadao.com.br/public/placar/img/voter/73788.jpg
Arthur Lira,Ricardo Izar ,PP,SP,https://arte.estadao.com.br/public/placar/img/voter/160655.jpg
Arthur Lira,Ronaldo Carletto ,PP,BA,https://arte.estadao.com.br/public/placar/img/voter/178861.jpg
Arthur Lira,Schiavinato ,PP,PR,https://arte.estadao.com.br/public/placar/img/voter/204399.jpg
Arthur Lira,Boca Aberta ,PROS,PR,https://arte.estadao.com.br/public/placar/img/voter/204397.jpg
Arthur Lira,Capitão Wagner ,PROS,CE,https://arte.estadao.com.br/public/placar/img/voter/204487.jpg
Arthur Lira,Clarissa Garotinho ,PROS,RJ,https://arte.estadao.com.br/public/placar/img/voter/178939.jpg
Arthur Lira,Eros Biondini ,PROS,MG,https://arte.estadao.com.br/public/placar/img/voter/160640.jpg
Arthur Lira,Felipe Carreras ,PSB,PE,https://arte.estadao.com.br/public/placar/img/voter/72442.jpg
Arthur Lira,Liziane Bayer ,PSB,RS,https://arte.estadao.com.br/public/placar/img/voter/204405.jpg
Arthur Lira,Aluisio Mendes ,PSC,MA,https://arte.estadao.com.br/public/placar/img/voter/178881.jpg
Arthur Lira,André Ferreira ,PSC,PE,https://arte.estadao.com.br/public/placar/img/voter/204423.jpg
Arthur Lira,Gilberto Nascimento ,PSC,SP,https://arte.estadao.com.br/public/placar/img/voter/74270.jpg
Arthur Lira,Glaustin da Fokus ,PSC,GO,https://arte.estadao.com.br/public/placar/img/voter/204419.jpg
Arthur Lira,Lauriete ,PSC,ES,https://arte.estadao.com.br/public/placar/img/voter/160534.jpg
Arthur Lira,Osires Damaso ,PSC,TO,https://arte.estadao.com.br/public/placar/img/voter/204363.jpg
Arthur Lira,Otoni de Paula ,PSC,RJ,https://arte.estadao.com.br/public/placar/img/voter/204441.jpg
Arthur Lira,Paulo Eduardo Martins ,PSC,PR,https://arte.estadao.com.br/public/placar/img/voter/193726.jpg
Arthur Lira,Ricardo da Karol ,PSC,RJ,https://arte.estadao.com.br/public/pages/dn/gz/q7/0e/o2/40/outros-candidatos.png
Arthur Lira,André de Paula ,PSD,PE,https://arte.estadao.com.br/public/placar/img/voter/74471.jpg
Arthur Lira,Antonio Brito ,PSD,BA,https://arte.estadao.com.br/public/placar/img/voter/160553.jpg
Arthur Lira,Cezinha de Madureira ,PSD,SP,https://arte.estadao.com.br/public/placar/img/voter/204504.jpg
Arthur Lira,Darci de Matos ,PSD,SC,https://arte.estadao.com.br/public/placar/img/voter/116379.jpg
Arthur Lira,Delegado Éder Mauro ,PSD,PA,https://arte.estadao.com.br/public/placar/img/voter/178908.jpg
Arthur Lira,Diego Andrade ,PSD,MG,https://arte.estadao.com.br/public/placar/img/voter/160588.jpg
Arthur Lira,Domingos Neto ,PSD,CE,https://arte.estadao.com.br/public/placar/img/voter/143632.jpg
Arthur Lira,Edilázio Júnior ,PSD,MA,https://arte.estadao.com.br/public/placar/img/voter/204562.jpg
Arthur Lira,Expedito Netto ,PSD,RO,https://arte.estadao.com.br/public/placar/img/voter/178953.jpg
Arthur Lira,Fabio Faria ,PSD,RN,https://arte.estadao.com.br/public/placar/img/voter/141428.jpg
Arthur Lira,Fábio Mitidieri ,PSD,SE,https://arte.estadao.com.br/public/placar/img/voter/178969.jpg
Arthur Lira,Flordelis ,PSD,RJ,https://arte.estadao.com.br/public/placar/img/voter/204447.jpg
Arthur Lira,Francisco Jr. ,PSD,GO,https://arte.estadao.com.br/public/placar/img/voter/204392.jpg
Arthur Lira,Haroldo Cathedral ,PSD,RR,https://arte.estadao.com.br/public/placar/img/voter/204465.jpg
Arthur Lira,Hugo Leal ,PSD,RJ,https://arte.estadao.com.br/public/placar/img/voter/141450.jpg
Arthur Lira,Joaquim Passarinho ,PSD,PA,https://arte.estadao.com.br/public/placar/img/voter/178910.jpg
Arthur Lira,José Nunes ,PSD,BA,https://arte.estadao.com.br/public/placar/img/voter/160619.jpg
Arthur Lira,Júlio Cesar ,PSD,PI,https://arte.estadao.com.br/public/placar/img/voter/74317.jpg
Arthur Lira,Júnior Ferrari ,PSD,PA,https://arte.estadao.com.br/public/placar/img/voter/204497.jpg
Arthur Lira,Marco Bertaiolli ,PSD,SP,https://arte.estadao.com.br/public/placar/img/voter/204522.jpg
Arthur Lira,Marx Beltrão ,PSD,AL,https://arte.estadao.com.br/public/placar/img/voter/178843.jpg
Arthur Lira,Misael Varella ,PSD,MG,https://arte.estadao.com.br/public/placar/img/voter/178895.jpg
Arthur Lira,Neucimar Fraga ,PSD,ES,https://arte.estadao.com.br/public/placar/img/voter/74165.jpg
Arthur Lira,Otto Alencar Filho ,PSD,BA,https://arte.estadao.com.br/public/placar/img/voter/204573.jpg
Arthur Lira,Paulo Magalhães ,PSD,BA,https://arte.estadao.com.br/public/placar/img/voter/74574.jpg
Arthur Lira,Pedro Augusto ,PSD,RJ,https://arte.estadao.com.br/public/pages/dn/gz/q7/0e/o2/40/outros-candidatos.png
Arthur Lira,Reinhold Stephanes Junior ,PSD,PR,https://arte.estadao.com.br/public/placar/img/voter/205865.jpg
Arthur Lira,Sérgio Brito ,PSD,BA,https://arte.estadao.com.br/public/placar/img/voter/73808.jpg
Arthur Lira,Sidney Leite ,PSD,AM,https://arte.estadao.com.br/public/placar/img/voter/204557.jpg
Arthur Lira,Stefano Aguiar ,PSD,MG,https://arte.estadao.com.br/public/placar/img/voter/92776.jpg
Arthur Lira,Vermelho ,PSD,PR,https://arte.estadao.com.br/public/placar/img/voter/204396.jpg
Arthur Lira,Adolfo Viana ,PSDB,BA,https://arte.estadao.com.br/public/placar/img/voter/204560.jpg
Arthur Lira,Celso Sabino ,PSDB,PA,https://arte.estadao.com.br/public/placar/img/voter/204496.jpg
Arthur Lira,Edna Henrique ,PSDB,PB,https://arte.estadao.com.br/public/placar/img/voter/204421.jpg
Arthur Lira,Luiz Carlos ,PSDB,AP,https://arte.estadao.com.br/public/placar/img/voter/160645.jpg
Arthur Lira,Mara Rocha ,PSDB,AC,https://arte.estadao.com.br/public/placar/img/voter/204471.jpg
Arthur Lira,Pedro Cunha Lima ,PSDB,PB,https://arte.estadao.com.br/public/placar/img/voter/178912.jpg
Arthur Lira,Rose Modesto ,PSDB,MS,https://arte.estadao.com.br/public/placar/img/voter/204357.jpg
Arthur Lira,Alê Silva ,PSL,MG,https://arte.estadao.com.br/public/placar/img/voter/204545.jpg
Arthur Lira,Aline Sleutjes ,PSL,PR,https://arte.estadao.com.br/public/placar/img/voter/204400.jpg
Arthur Lira,Bia Kicis ,PSL,DF,https://arte.estadao.com.br/public/placar/img/voter/204374.jpg
Arthur Lira,Bibo Nunes ,PSL,RS,https://arte.estadao.com.br/public/placar/img/voter/204388.jpg
Arthur Lira,Carla Zambelli ,PSL,SP,https://arte.estadao.com.br/public/placar/img/voter/204507.jpg
Arthur Lira,Carlos Jordy ,PSL,RJ,https://arte.estadao.com.br/public/placar/img/voter/204460.jpg
Arthur Lira,Caroline de Toni ,PSL,SC,https://arte.estadao.com.br/public/placar/img/voter/204369.jpg
Arthur Lira,Chris Tonietto ,PSL,RJ,https://arte.estadao.com.br/public/placar/img/voter/204462.jpg
Arthur Lira,Coronel Armando ,PSL,SC,https://arte.estadao.com.br/public/placar/img/voter/204376.jpg
Arthur Lira,Coronel Chrisóstomo ,PSL,RO,https://arte.estadao.com.br/public/placar/img/voter/204378.jpg
Arthur Lira,Coronel Tadeu ,PSL,SP,https://arte.estadao.com.br/public/placar/img/voter/204514.jpg
Arthur Lira,Daniel Freitas ,PSL,SC,https://arte.estadao.com.br/public/placar/img/voter/204367.jpg
Arthur Lira,Daniel Silveira ,PSL,RJ,https://arte.estadao.com.br/public/placar/img/voter/204454.jpg
Arthur Lira,Delegado Antônio Furtado ,PSL,RJ,https://arte.estadao.com.br/public/placar/img/voter/204451.jpg
Arthur Lira,Dr. Luiz Ovando ,PSL,MS,https://arte.estadao.com.br/public/placar/img/voter/204351.jpg
Arthur Lira,Dra. Soraya Manato ,PSL,ES,https://arte.estadao.com.br/public/placar/img/voter/81297.jpg
Arthur Lira,Eduardo Bolsonaro ,PSL,SP,https://arte.estadao.com.br/public/placar/img/voter/92346.jpg
Arthur Lira,Filipe Barros ,PSL,PR,https://arte.estadao.com.br/public/placar/img/voter/204411.jpg
Arthur Lira,General Girão ,PSL,RN,https://arte.estadao.com.br/public/placar/img/voter/204473.jpg
Arthur Lira,Guiga Peixoto ,PSL,SP,https://arte.estadao.com.br/public/placar/img/voter/204513.jpg
Arthur Lira,Helio Lopes ,PSL,RJ,https://arte.estadao.com.br/public/placar/img/voter/204444.jpg
Arthur Lira,Junio Amaral ,PSL,MG,https://arte.estadao.com.br/public/placar/img/voter/204520.jpg
Arthur Lira,Léo Motta ,PSL,MG,https://arte.estadao.com.br/public/placar/img/voter/204547.jpg
Arthur Lira,Lourival Gomes ,PSL,RJ,https://arte.estadao.com.br/public/placar/img/voter/196358.jpg
Arthur Lira,Luiz Lima ,PSL,RJ,https://arte.estadao.com.br/public/placar/img/voter/204455.jpg
Arthur Lira,Luiz Philippe de Orleans e Bragança ,PSL,SP,https://arte.estadao.com.br/public/placar/img/voter/204526.jpg
Arthur Lira,Major Fabiana ,PSL,RJ,https://arte.estadao.com.br/public/placar/img/voter/204458.jpg
Arthur Lira,Marcelo Álvaro Antônio ,PSL,MG,https://arte.estadao.com.br/public/placar/img/voter/179000.jpg
Arthur Lira,Márcio Labre ,PSL,RJ,https://arte.estadao.com.br/public/placar/img/voter/204452.jpg
Arthur Lira,Nelson Barbudo ,PSL,MT,https://arte.estadao.com.br/public/placar/img/voter/204449.jpg
Arthur Lira,Nicoletti ,PSL,RR,https://arte.estadao.com.br/public/placar/img/voter/204479.jpg
Arthur Lira,Sanderson ,PSL,RS,https://arte.estadao.com.br/public/placar/img/voter/204416.jpg
Arthur Lira,Vitor Hugo ,PSL,GO,https://arte.estadao.com.br/public/placar/img/voter/179587.jpg
Arthur Lira,Luisa Canziani ,PTB,PR,https://arte.estadao.com.br/public/placar/img/voter/204410.jpg
Arthur Lira,Marcelo Moraes ,PTB,RS,https://arte.estadao.com.br/public/placar/img/voter/133810.jpg
Arthur Lira,Paulo Bengtson ,PTB,PA,https://arte.estadao.com.br/public/placar/img/voter/204538.jpg
Arthur Lira,Aline Gurgel ,Republicanos,AP,https://arte.estadao.com.br/public/placar/img/voter/204353.jpg
Arthur Lira,Amaro Neto ,Republicanos,ES,https://arte.estadao.com.br/public/placar/img/voter/204356.jpg
Arthur Lira,Aroldo Martins ,Republicanos,PR,https://arte.estadao.com.br/public/placar/img/voter/204414.jpg
Arthur Lira,Benes Leocádio ,Republicanos,RN,https://arte.estadao.com.br/public/placar/img/voter/109429.jpg
Arthur Lira,Capitão Alberto Neto ,Republicanos,AM,https://arte.estadao.com.br/public/placar/img/voter/204572.jpg
Arthur Lira,Carlos Gomes ,Republicanos,RS,https://arte.estadao.com.br/public/placar/img/voter/178962.jpg
Arthur Lira,Celso Russomanno ,Republicanos,SP,https://arte.estadao.com.br/public/placar/img/voter/73441.jpg
Arthur Lira,Cleber Verde ,Republicanos,MA,https://arte.estadao.com.br/public/placar/img/voter/141408.jpg
Arthur Lira,Gilberto Abramo ,Republicanos,MG,https://arte.estadao.com.br/public/placar/img/voter/204491.jpg
Arthur Lira,Hélio Costa ,Republicanos,SC,https://arte.estadao.com.br/public/placar/img/voter/204373.jpg
Arthur Lira,Hugo Motta ,Republicanos,PB,https://arte.estadao.com.br/public/placar/img/voter/160674.jpg
Arthur Lira,Jhonatan de Jesus ,Republicanos,RR,https://arte.estadao.com.br/public/placar/img/voter/160531.jpg
Arthur Lira,João Campos ,Republicanos,GO,https://arte.estadao.com.br/public/placar/img/voter/74366.jpg
Arthur Lira,João Roma ,Republicanos,BA,https://arte.estadao.com.br/public/placar/img/voter/204576.jpg
Arthur Lira,Jorge Braz ,Republicanos,RJ,https://arte.estadao.com.br/public/placar/img/voter/205550.jpg
Arthur Lira,Julio Cesar Ribeiro ,Republicanos,DF,https://arte.estadao.com.br/public/placar/img/voter/204372.jpg
Arthur Lira,Lafayette de Andrada ,Republicanos,MG,https://arte.estadao.com.br/public/placar/img/voter/98057.jpg
Arthur Lira,Luizão Goulart ,Republicanos,PR,https://arte.estadao.com.br/public/placar/img/voter/204418.jpg
Arthur Lira,Márcio Marinho ,Republicanos,BA,https://arte.estadao.com.br/public/placar/img/voter/150418.jpg
Arthur Lira,Marcos Pereira ,Republicanos,SP,https://arte.estadao.com.br/public/placar/img/voter/204506.jpg
Arthur Lira,Maria Rosas ,Republicanos,SP,https://arte.estadao.com.br/public/placar/img/voter/204540.jpg
Arthur Lira,Milton Vieira ,Republicanos,SP,https://arte.estadao.com.br/public/placar/img/voter/154178.jpg
Arthur Lira,Ossesio Silva ,Republicanos,PE,https://arte.estadao.com.br/public/placar/img/voter/204422.jpg
Arthur Lira,Pr. Marco Feliciano ,Republicanos,SP,https://arte.estadao.com.br/public/placar/img/voter/160601.jpg
Arthur Lira,Roberto Alves ,Republicanos,SP,https://arte.estadao.com.br/public/placar/img/voter/152610.jpg
Arthur Lira,Rosangela Gomes ,Republicanos,RJ,https://arte.estadao.com.br/public/placar/img/voter/178945.jpg
Arthur Lira,Severino Pessoa ,Republicanos,AL,https://arte.estadao.com.br/public/placar/img/voter/204437.jpg
Arthur Lira,Silas Câmara ,Republicanos,AM,https://arte.estadao.com.br/public/placar/img/voter/74356.jpg
Arthur Lira,Silvio Costa Filho ,Republicanos,PE,https://arte.estadao.com.br/public/placar/img/voter/204425.jpg
Arthur Lira,Vavá Martins ,Republicanos,PA,https://arte.estadao.com.br/public/placar/img/voter/204505.jpg
Arthur Lira,Vinicius Carvalho ,Republicanos,SP,https://arte.estadao.com.br/public/placar/img/voter/141555.jpg
Arthur Lira,Bosco Saraiva ,Solidariedade,AM,https://arte.estadao.com.br/public/placar/img/voter/204551.jpg
Arthur Lira,Dra. Vanda Milani ,Solidariedade,AC,https://arte.estadao.com.br/public/placar/img/voter/204434.jpg
Arthur Lira,Eli Borges ,Solidariedade,TO,https://arte.estadao.com.br/public/placar/img/voter/204364.jpg
Arthur Lira,Gustinho Ribeiro ,Solidariedade,SE,https://arte.estadao.com.br/public/placar/img/voter/204408.jpg
Arthur Lira,Marina Santos ,Solidariedade,PI,https://arte.estadao.com.br/public/placar/img/voter/204432.jpg
Arthur Lira,Ottaci Nascimento ,Solidariedade,RR,https://arte.estadao.com.br/public/placar/img/voter/204475.jpg
Arthur Lira,Tiago Dimas ,Solidariedade,TO,https://arte.estadao.com.br/public/placar/img/voter/143084.jpg
Arthur Lira,Zé Silva ,Solidariedade,MG,https://arte.estadao.com.br/public/placar/img/voter/160632.jpg
Baleia Rossi,Arnaldo Jardim ,Cidadania,SP,https://arte.estadao.com.br/public/placar/img/voter/141391.jpg
Baleia Rossi,Daniel Coelho ,Cidadania,PE,https://arte.estadao.com.br/public/placar/img/voter/178916.jpg
Baleia Rossi,Marcelo Calero ,Cidadania,RJ,https://arte.estadao.com.br/public/placar/img/voter/204433.jpg
Baleia Rossi,Rubens Bueno ,Cidadania,PR,https://arte.estadao.com.br/public/placar/img/voter/73466.jpg
Baleia Rossi,Alexandre Leite ,DEM,SP,https://arte.estadao.com.br/public/placar/img/voter/160545.jpg
Baleia Rossi,Aníbal Gomes ,DEM,CE,https://arte.estadao.com.br/public/placar/img/voter/74212.jpg
Baleia Rossi,Efraim Filho ,DEM,PB,https://arte.estadao.com.br/public/placar/img/voter/141422.jpg
Baleia Rossi,Eli Corrêa Filho ,DEM,SP,https://arte.estadao.com.br/public/placar/img/voter/160532.jpg
Baleia Rossi,Geninho Zuliani ,DEM,SP,https://arte.estadao.com.br/public/placar/img/voter/204527.jpg
Baleia Rossi,Juninho do Pneu ,DEM,RJ,https://arte.estadao.com.br/public/placar/img/voter/204457.jpg
Baleia Rossi,Pedro Paulo ,DEM,RJ,https://arte.estadao.com.br/public/placar/img/voter/122158.jpg
Baleia Rossi,Professora Dorinha Seabra Rezende ,DEM,TO,https://arte.estadao.com.br/public/placar/img/voter/160639.jpg
Baleia Rossi,Rodrigo Maia ,DEM,RJ,https://arte.estadao.com.br/public/placar/img/voter/74693.jpg
Baleia Rossi,Alceu Moreira ,MDB,RS,https://arte.estadao.com.br/public/placar/img/voter/160559.jpg
Baleia Rossi,Baleia Rossi ,MDB,SP,https://arte.estadao.com.br/public/placar/img/voter/178975.jpg
Baleia Rossi,Carlos Bezerra ,MDB,MT,https://arte.estadao.com.br/public/placar/img/voter/141401.jpg
Baleia Rossi,Carlos Chiodini ,MDB,SC,https://arte.estadao.com.br/public/placar/img/voter/204361.jpg
Baleia Rossi,Celso Maldaner ,MDB,SC,https://arte.estadao.com.br/public/placar/img/voter/141405.jpg
Baleia Rossi,Dulce Miranda ,MDB,TO,https://arte.estadao.com.br/public/placar/img/voter/178994.jpg
Baleia Rossi,Elcione Barbalho ,MDB,PA,https://arte.estadao.com.br/public/placar/img/voter/74075.jpg
Baleia Rossi,Fabio Reis ,MDB,SE,https://arte.estadao.com.br/public/placar/img/voter/171623.jpg
Baleia Rossi,Flaviano Melo ,MDB,AC,https://arte.estadao.com.br/public/placar/img/voter/141434.jpg
Baleia Rossi,Giovani Feltes ,MDB,RS,https://arte.estadao.com.br/public/placar/img/voter/178996.jpg
Baleia Rossi,Hercílio Coelho Diniz ,MDB,MG,https://arte.estadao.com.br/public/placar/img/voter/204539.jpg
Baleia Rossi,Herculano Passos ,MDB,SP,https://arte.estadao.com.br/public/placar/img/voter/178981.jpg
Baleia Rossi,Hermes Parcianello ,MDB,PR,https://arte.estadao.com.br/public/placar/img/voter/73772.jpg
Baleia Rossi,Hildo Rocha ,MDB,MA,https://arte.estadao.com.br/public/placar/img/voter/178884.jpg
Baleia Rossi,Isnaldo Bulhões Jr. ,MDB,AL,https://arte.estadao.com.br/public/placar/img/voter/204436.jpg
Baleia Rossi,João Marcelo Souza ,MDB,MA,https://arte.estadao.com.br/public/placar/img/voter/112437.jpg
Baleia Rossi,José Priante ,MDB,PA,https://arte.estadao.com.br/public/placar/img/voter/74079.jpg
Baleia Rossi,Juarez Costa ,MDB,MT,https://arte.estadao.com.br/public/placar/img/voter/204474.jpg
Baleia Rossi,Lucio Mosquini ,MDB,RO,https://arte.estadao.com.br/public/placar/img/voter/178954.jpg
Baleia Rossi,Márcio Biolchi ,MDB,RS,https://arte.estadao.com.br/public/placar/img/voter/179001.jpg
Baleia Rossi,Marcos Aurélio Sampaio ,MDB,PI,https://arte.estadao.com.br/public/placar/img/voter/204431.jpg
Baleia Rossi,Mauro Lopes ,MDB,MG,https://arte.estadao.com.br/public/placar/img/voter/74749.jpg
Baleia Rossi,Moses Rodrigues ,MDB,CE,https://arte.estadao.com.br/public/placar/img/voter/178997.jpg
Baleia Rossi,Raul Henry ,MDB,PE,https://arte.estadao.com.br/public/placar/img/voter/141523.jpg
Baleia Rossi,Sergio Souza ,MDB,PR,https://arte.estadao.com.br/public/placar/img/voter/178933.jpg
Baleia Rossi,Vinicius Farah ,MDB,RJ,https://arte.estadao.com.br/public/placar/img/voter/204478.jpg
Baleia Rossi,Walter Alves ,MDB,RN,https://arte.estadao.com.br/public/placar/img/voter/178952.jpg
Baleia Rossi,Alice Portugal ,PCdoB,BA,https://arte.estadao.com.br/public/placar/img/voter/74057.jpg
Baleia Rossi,Daniel Almeida ,PCdoB,BA,https://arte.estadao.com.br/public/placar/img/voter/74060.jpg
Baleia Rossi,Jandira Feghali ,PCdoB,RJ,https://arte.estadao.com.br/public/placar/img/voter/74848.jpg
Baleia Rossi,Marcio Jerry ,PCdoB,MA,https://arte.estadao.com.br/public/placar/img/voter/81055.jpg
Baleia Rossi,Orlando Silva ,PCdoB,SP,https://arte.estadao.com.br/public/placar/img/voter/178987.jpg
Baleia Rossi,Perpétua Almeida ,PCdoB,AC,https://arte.estadao.com.br/public/placar/img/voter/73943.jpg
Baleia Rossi,Renildo Calheiros ,PCdoB,PE,https://arte.estadao.com.br/public/placar/img/voter/73801.jpg
Baleia Rossi,Rubens Pereira Junior ,PCdoB,MA,https://arte.estadao.com.br/public/placar/img/voter/178887.jpg
Baleia Rossi,Afonso Motta ,PDT,RS,https://arte.estadao.com.br/public/placar/img/voter/178835.jpg
Baleia Rossi,André Figueiredo ,PDT,CE,https://arte.estadao.com.br/public/placar/img/voter/133439.jpg
Baleia Rossi,Chico D'Angelo ,PDT,RJ,https://arte.estadao.com.br/public/placar/img/voter/141439.jpg
Baleia Rossi,Dagoberto Nogueira ,PDT,MS,https://arte.estadao.com.br/public/placar/img/voter/141411.jpg
Baleia Rossi,Eduardo Bismarck ,PDT,CE,https://arte.estadao.com.br/public/placar/img/voter/204541.jpg
Baleia Rossi,Félix Mendonça Júnior ,PDT,BA,https://arte.estadao.com.br/public/placar/img/voter/160666.jpg
Baleia Rossi,Gustavo Fruet ,PDT,PR,https://arte.estadao.com.br/public/placar/img/voter/73460.jpg
Baleia Rossi,Jesus Sérgio ,PDT,AC,https://arte.estadao.com.br/public/placar/img/voter/204435.jpg
Baleia Rossi,Mário Heringer ,PDT,MG,https://arte.estadao.com.br/public/placar/img/voter/74158.jpg
Baleia Rossi,Tabata Amaral ,PDT,SP,https://arte.estadao.com.br/public/placar/img/voter/204534.jpg
Baleia Rossi,Túlio Gadêlha ,PDT,PE,https://arte.estadao.com.br/public/placar/img/voter/157130.jpg
Baleia Rossi,Wolney Queiroz ,PDT,PE,https://arte.estadao.com.br/public/placar/img/voter/74439.jpg
Baleia Rossi,Aguinaldo Ribeiro ,PP,PB,https://arte.estadao.com.br/public/placar/img/voter/160527.jpg
Baleia Rossi,Alessandro Molon ,PSB,RJ,https://arte.estadao.com.br/public/placar/img/voter/160511.jpg
Baleia Rossi,Bira do Pindaré ,PSB,MA,https://arte.estadao.com.br/public/placar/img/voter/204561.jpg
Baleia Rossi,Camilo Capiberibe ,PSB,AP,https://arte.estadao.com.br/public/placar/img/voter/204352.jpg
Baleia Rossi,Denis Bezerra ,PSB,CE,https://arte.estadao.com.br/public/placar/img/voter/204542.jpg
Baleia Rossi,Elias Vaz ,PSB,GO,https://arte.estadao.com.br/public/placar/img/voter/204389.jpg
Baleia Rossi,Felipe Rigoni ,PSB,ES,https://arte.estadao.com.br/public/placar/img/voter/204371.jpg
Baleia Rossi,Gervásio Maia ,PSB,PB,https://arte.estadao.com.br/public/placar/img/voter/204394.jpg
Baleia Rossi,Gonzaga Patriota ,PSB,PE,https://arte.estadao.com.br/public/placar/img/voter/74419.jpg
Baleia Rossi,Heitor Schuch ,PSB,RS,https://arte.estadao.com.br/public/placar/img/voter/178964.jpg
Baleia Rossi,Lídice da Mata ,PSB,BA,https://arte.estadao.com.br/public/placar/img/voter/139285.jpg
Baleia Rossi,Marcelo Nilo ,PSB,BA,https://arte.estadao.com.br/public/placar/img/voter/204558.jpg
Baleia Rossi,Mauro Nazif ,PSB,RO,https://arte.estadao.com.br/public/placar/img/voter/141508.jpg
Baleia Rossi,Milton Coelho ,PSB,PE,https://arte.estadao.com.br/public/placar/img/voter/92172.jpg
Baleia Rossi,Rafael Motta ,PSB,RN,https://arte.estadao.com.br/public/placar/img/voter/178951.jpg
Baleia Rossi,Rodrigo Agostinho ,PSB,SP,https://arte.estadao.com.br/public/placar/img/voter/204530.jpg
Baleia Rossi,Tadeu Alencar ,PSB,PE,https://arte.estadao.com.br/public/placar/img/voter/178922.jpg
Baleia Rossi,Ted Conti ,PSB,ES,https://arte.estadao.com.br/public/placar/img/voter/206231.jpg
Baleia Rossi,Vilson da Fetaemg ,PSB,MG,https://arte.estadao.com.br/public/placar/img/voter/204483.jpg
Baleia Rossi,Beto Pereira ,PSDB,MS,https://arte.estadao.com.br/public/placar/img/voter/204358.jpg
Baleia Rossi,Carlos Sampaio ,PSDB,SP,https://arte.estadao.com.br/public/placar/img/voter/74262.jpg
Baleia Rossi,Eduardo Barbosa ,PSDB,MG,https://arte.estadao.com.br/public/placar/img/voter/74655.jpg
Baleia Rossi,Eduardo Cury ,PSDB,SP,https://arte.estadao.com.br/public/placar/img/voter/178977.jpg
Baleia Rossi,Rodrigo de Castro ,PSDB,MG,https://arte.estadao.com.br/public/placar/img/voter/141531.jpg
Baleia Rossi,Samuel Moreira ,PSDB,SP,https://arte.estadao.com.br/public/placar/img/voter/178990.jpg
Baleia Rossi,Vanderlei Macris ,PSDB,SP,https://arte.estadao.com.br/public/placar/img/voter/141553.jpg
Baleia Rossi,Vitor Lippi ,PSDB,SP,https://arte.estadao.com.br/public/placar/img/voter/178992.jpg
Baleia Rossi,Bozzella ,PSL,SP,https://arte.estadao.com.br/public/placar/img/voter/204502.jpg
Baleia Rossi,Delegado Waldir ,PSL,GO,https://arte.estadao.com.br/public/placar/img/voter/164359.jpg
Baleia Rossi,Heitor Freire ,PSL,CE,https://arte.estadao.com.br/public/placar/img/voter/204548.jpg
Baleia Rossi,Luciano Bivar ,PSL,PE,https://arte.estadao.com.br/public/placar/img/voter/74478.jpg
Baleia Rossi,Afonso Florence ,PT,BA,https://arte.estadao.com.br/public/placar/img/voter/160508.jpg
Baleia Rossi,Airton Faleiro ,PT,PA,https://arte.estadao.com.br/public/placar/img/voter/204495.jpg
Baleia Rossi,Alencar Santana Braga ,PT,SP,https://arte.estadao.com.br/public/placar/img/voter/204501.jpg
Baleia Rossi,Alexandre Padilha ,PT,SP,https://arte.estadao.com.br/public/placar/img/voter/204503.jpg
Baleia Rossi,Arlindo Chinaglia ,PT,SP,https://arte.estadao.com.br/public/placar/img/voter/73433.jpg
Baleia Rossi,Benedita da Silva ,PT,RJ,https://arte.estadao.com.br/public/placar/img/voter/73701.jpg
Baleia Rossi,Beto Faro ,PT,PA,https://arte.estadao.com.br/public/placar/img/voter/141335.jpg
Baleia Rossi,Bohn Gass ,PT,RS,https://arte.estadao.com.br/public/placar/img/voter/160538.jpg
Baleia Rossi,Carlos Veras ,PT,PE,https://arte.estadao.com.br/public/placar/img/voter/204426.jpg
Baleia Rossi,Carlos Zarattini ,PT,SP,https://arte.estadao.com.br/public/placar/img/voter/141398.jpg
Baleia Rossi,Enio Verri ,PT,PR,https://arte.estadao.com.br/public/placar/img/voter/132504.jpg
Baleia Rossi,Erika Kokay ,PT,DF,https://arte.estadao.com.br/public/placar/img/voter/160575.jpg
Baleia Rossi,Frei Anastacio Ribeiro ,PT,PB,https://arte.estadao.com.br/public/placar/img/voter/204393.jpg
Baleia Rossi,Gleisi Hoffmann ,PT,PR,https://arte.estadao.com.br/public/placar/img/voter/107283.jpg
Baleia Rossi,João Daniel ,PT,SE,https://arte.estadao.com.br/public/placar/img/voter/178970.jpg
Baleia Rossi,Jorge Solla ,PT,BA,https://arte.estadao.com.br/public/placar/img/voter/178857.jpg
Baleia Rossi,José Guimarães ,PT,CE,https://arte.estadao.com.br/public/placar/img/voter/141470.jpg
Baleia Rossi,José Ricardo ,PT,AM,https://arte.estadao.com.br/public/placar/img/voter/204555.jpg
Baleia Rossi,Joseildo Ramos ,PT,BA,https://arte.estadao.com.br/public/placar/img/voter/209189.jpg
Baleia Rossi,Leo de Brito ,PT,AC,https://arte.estadao.com.br/public/placar/img/voter/178825.jpg
Baleia Rossi,Leonardo Monteiro ,PT,MG,https://arte.estadao.com.br/public/placar/img/voter/74156.jpg
Baleia Rossi,Maria do Rosário ,PT,RS,https://arte.estadao.com.br/public/placar/img/voter/74398.jpg
Baleia Rossi,Marília Arraes ,PT,PE,https://arte.estadao.com.br/public/placar/img/voter/204428.jpg
Baleia Rossi,Merlong Solano ,PT,PI,https://arte.estadao.com.br/public/placar/img/voter/188097.jpg
Baleia Rossi,Nilto Tatto ,PT,SP,https://arte.estadao.com.br/public/placar/img/voter/178986.jpg
Baleia Rossi,Odair Cunha ,PT,MG,https://arte.estadao.com.br/public/placar/img/voter/74159.jpg
Baleia Rossi,Patrus Ananias ,PT,MG,https://arte.estadao.com.br/public/placar/img/voter/74160.jpg
Baleia Rossi,Paulão ,PT,AL,https://arte.estadao.com.br/public/placar/img/voter/171617.jpg
Baleia Rossi,Paulo Teixeira ,PT,SP,https://arte.estadao.com.br/public/placar/img/voter/141488.jpg
Baleia Rossi,Professora Rosa Neide ,PT,MT,https://arte.estadao.com.br/public/placar/img/voter/204467.jpg
Baleia Rossi,Reginaldo Lopes ,PT,MG,https://arte.estadao.com.br/public/placar/img/voter/74161.jpg
Baleia Rossi,Rejane Dias ,PT,PI,https://arte.estadao.com.br/public/placar/img/voter/178925.jpg
Baleia Rossi,Rubens Otoni ,PT,GO,https://arte.estadao.com.br/public/placar/img/voter/74371.jpg
Baleia Rossi,Rui Falcão ,PT,SP,https://arte.estadao.com.br/public/placar/img/voter/73604.jpg
Baleia Rossi,Valmir Assunção ,PT,BA,https://arte.estadao.com.br/public/placar/img/voter/160610.jpg
Baleia Rossi,Vicentinho ,PT,SP,https://arte.estadao.com.br/public/placar/img/voter/74283.jpg
Baleia Rossi,Waldenor Pereira ,PT,BA,https://arte.estadao.com.br/public/placar/img/voter/160569.jpg
Baleia Rossi,Célio Studart ,PV,CE,https://arte.estadao.com.br/public/placar/img/voter/204488.jpg
Baleia Rossi,Enrico Misasi ,PV,SP,https://arte.estadao.com.br/public/placar/img/voter/204537.jpg
Baleia Rossi,Professor Israel Batista ,PV,DF,https://arte.estadao.com.br/public/placar/img/voter/204383.jpg
Baleia Rossi,Joenia Wapichana ,REDE,RR,https://arte.estadao.com.br/public/placar/img/voter/204468.jpg
Baleia Rossi,Paulo Pereira da Silva ,Solidariedade,SP,https://arte.estadao.com.br/public/placar/img/voter/141518.jpg
Luiza Erundina,Áurea Carolina ,PSOL,MG,https://arte.estadao.com.br/public/placar/img/voter/204509.jpg
Luiza Erundina,Fernanda Melchionna ,PSOL,RS,https://arte.estadao.com.br/public/placar/img/voter/204407.jpg
Luiza Erundina,Glauber Braga ,PSOL,RJ,https://arte.estadao.com.br/public/placar/img/voter/152605.jpg
Luiza Erundina,Ivan Valente ,PSOL,SP,https://arte.estadao.com.br/public/placar/img/voter/73531.jpg
Luiza Erundina,Luiza Erundina ,PSOL,SP,https://arte.estadao.com.br/public/placar/img/voter/74784.jpg
Luiza Erundina,Marcelo Freixo ,PSOL,RJ,https://arte.estadao.com.br/public/placar/img/voter/76874.jpg
Luiza Erundina,Sâmia Bomfim ,PSOL,SP,https://arte.estadao.com.br/public/placar/img/voter/204535.jpg
Luiza Erundina,Talíria Petrone ,PSOL,RJ,https://arte.estadao.com.br/public/placar/img/voter/204464.jpg
Luiza Erundina,Vivi Reis ,PSOL,PA,https://arte.estadao.com.br/public/pages/dn/gz/q7/0e/o2/40/outros-candidatos.png
Van Hattem,Adriana Ventura ,NOVO,SP,https://arte.estadao.com.br/public/placar/img/voter/204528.jpg
Van Hattem,Alexis Fonteyne ,NOVO,SP,https://arte.estadao.com.br/public/placar/img/voter/204516.jpg
Van Hattem,Gilson Marques ,NOVO,SC,https://arte.estadao.com.br/public/placar/img/voter/204365.jpg
Van Hattem,Lucas Gonzalez ,NOVO,MG,https://arte.estadao.com.br/public/placar/img/voter/204523.jpg
Van Hattem,Marcel van Hattem ,NOVO,RS,https://arte.estadao.com.br/public/placar/img/voter/156190.jpg
Van Hattem,Paulo Ganime ,NOVO,RJ,https://arte.estadao.com.br/public/placar/img/voter/204461.jpg
Van Hattem,Tiago Mitraud ,NOVO,MG,https://arte.estadao.com.br/public/placar/img/voter/204519.jpg
Van Hattem,Vinicius Poit ,NOVO,SP,https://arte.estadao.com.br/public/placar/img/voter/204532.jpg
Fábio Ramalho,Fábio Ramalho ,MDB,MG,https://arte.estadao.com.br/public/placar/img/voter/141427.jpg
Fábio Ramalho,Júlio Delgado ,PSB,MG,https://arte.estadao.com.br/public/placar/img/voter/73586.jpg
Alexandre Frota,Alexandre Frota ,PSDB,SP,https://arte.estadao.com.br/public/placar/img/voter/204544.jpg
André Janones,André Janones ,Avante,MG,https://arte.estadao.com.br/public/placar/img/voter/204515.jpg
General Peternelli,General Peternelli ,PSL,SP,https://arte.estadao.com.br/public/placar/img/voter/204484.jpg
Não quis responder,Pastor Sargento Isidório ,Avante,BA,https://arte.estadao.com.br/public/placar/img/voter/204553.jpg
Não quis responder,Alex Manente ,Cidadania,SP,https://arte.estadao.com.br/public/placar/img/voter/178972.jpg
Não quis responder,Carmen Zanotto ,Cidadania,SC,https://arte.estadao.com.br/public/placar/img/voter/164360.jpg
Não quis responder,Da Vitoria ,Cidadania,ES,https://arte.estadao.com.br/public/placar/img/voter/204355.jpg
Não quis responder,Paula Belmonte ,Cidadania,DF,https://arte.estadao.com.br/public/placar/img/voter/204377.jpg
Não quis responder,Bilac Pinto ,DEM,MG,https://arte.estadao.com.br/public/placar/img/voter/141513.jpg
Não quis responder,Fernando Coelho Filho ,DEM,PE,https://arte.estadao.com.br/public/placar/img/voter/141431.jpg
Não quis responder,Hélio Leite ,DEM,PA,https://arte.estadao.com.br/public/placar/img/voter/178909.jpg
Não quis responder,Jose Mario Schreiner ,DEM,GO,https://arte.estadao.com.br/public/placar/img/voter/204386.jpg
Não quis responder,Juscelino Filho ,DEM,MA,https://arte.estadao.com.br/public/placar/img/voter/178886.jpg
Não quis responder,Kim Kataguiri ,DEM,SP,https://arte.estadao.com.br/public/placar/img/voter/204536.jpg
Não quis responder,Olival Marques ,DEM,PA,https://arte.estadao.com.br/public/placar/img/voter/204498.jpg
Não quis responder,Paulo Azi ,DEM,BA,https://arte.estadao.com.br/public/placar/img/voter/178860.jpg
Não quis responder,Sóstenes Cavalcante ,DEM,RJ,https://arte.estadao.com.br/public/placar/img/voter/178947.jpg
Não quis responder,Gutemberg Reis ,MDB,RJ,https://arte.estadao.com.br/public/placar/img/voter/204456.jpg
Não quis responder,Jéssica Sales ,MDB,AC,https://arte.estadao.com.br/public/placar/img/voter/178839.jpg
Não quis responder,Newton Cardoso Jr ,MDB,MG,https://arte.estadao.com.br/public/placar/img/voter/178896.jpg
Não quis responder,Professora Marcivania ,PCdoB,AP,https://arte.estadao.com.br/public/placar/img/voter/160641.jpg
Não quis responder,Alex Santana ,PDT,BA,https://arte.estadao.com.br/public/placar/img/voter/204571.jpg
Não quis responder,Damião Feliciano ,PDT,PB,https://arte.estadao.com.br/public/placar/img/voter/74467.jpg
Não quis responder,Fábio Henrique ,PDT,SE,https://arte.estadao.com.br/public/placar/img/voter/68720.jpg
Não quis responder,Flávia Morais ,PDT,GO,https://arte.estadao.com.br/public/placar/img/voter/160598.jpg
Não quis responder,Flávio Nogueira ,PDT,PI,https://arte.estadao.com.br/public/placar/img/voter/191923.jpg
Não quis responder,Idilvan Alencar ,PDT,CE,https://arte.estadao.com.br/public/placar/img/voter/204533.jpg
Não quis responder,Leônidas Cristino ,PDT,CE,https://arte.estadao.com.br/public/placar/img/voter/74299.jpg
Não quis responder,Paulo Ramos ,PDT,RJ,https://arte.estadao.com.br/public/placar/img/voter/133968.jpg
Não quis responder,Pompeo de Mattos ,PDT,RS,https://arte.estadao.com.br/public/placar/img/voter/73486.jpg
Não quis responder,Robério Monteiro ,PDT,CE,https://arte.estadao.com.br/public/placar/img/voter/204489.jpg
Não quis responder,Silvia Cristina ,PDT,RO,https://arte.estadao.com.br/public/placar/img/voter/204360.jpg
Não quis responder,Subtenente Gonzaga ,PDT,MG,https://arte.estadao.com.br/public/placar/img/voter/177282.jpg
Não quis responder,Christiane de Souza Yared ,PL,PR,https://arte.estadao.com.br/public/placar/img/voter/178928.jpg
Não quis responder,Gorete Pereira ,PL,CE,https://arte.estadao.com.br/public/placar/img/voter/129618.jpg
Não quis responder,Josimar Maranhãozinho ,PL,MA,https://arte.estadao.com.br/public/placar/img/voter/204563.jpg
Não quis responder,Junior Lourenço ,PL,MA,https://arte.estadao.com.br/public/placar/img/voter/204574.jpg
Não quis responder,Paulo Freire Costa ,PL,SP,https://arte.estadao.com.br/public/placar/img/voter/160558.jpg
Não quis responder,Tiririca ,PL,SP,https://arte.estadao.com.br/public/placar/img/voter/160976.jpg
Não quis responder,Igor Timo ,PODE,MG,https://arte.estadao.com.br/public/placar/img/voter/204508.jpg
Não quis responder,Josivaldo JP ,PODE,MA,https://arte.estadao.com.br/public/pages/dn/gz/q7/0e/o2/40/outros-candidatos.png
Não quis responder,Léo Moraes ,PODE,RO,https://arte.estadao.com.br/public/placar/img/voter/204359.jpg
Não quis responder,Toninho Wandscheer ,PROS,PR,https://arte.estadao.com.br/public/placar/img/voter/178934.jpg
Não quis responder,Uldurico Junior ,PROS,BA,https://arte.estadao.com.br/public/placar/img/voter/178863.jpg
Não quis responder,Weliton Prado ,PROS,MG,https://arte.estadao.com.br/public/placar/img/voter/160518.jpg
Não quis responder,Aliel Machado ,PSB,PR,https://arte.estadao.com.br/public/placar/img/voter/178927.jpg
Não quis responder,Cássio Andrade ,PSB,PA,https://arte.estadao.com.br/public/placar/img/voter/204499.jpg
Não quis responder,Danilo Cabral ,PSB,PE,https://arte.estadao.com.br/public/placar/img/voter/160528.jpg
Não quis responder,Luciano Ducci ,PSB,PR,https://arte.estadao.com.br/public/placar/img/voter/178931.jpg
Não quis responder,Ricardo Silva ,PSB,SP,https://arte.estadao.com.br/public/placar/img/voter/213274.jpg
Não quis responder,Rodrigo Coelho ,PSB,SC,https://arte.estadao.com.br/public/placar/img/voter/204366.jpg
Não quis responder,Rosana Valle ,PSB,SP,https://arte.estadao.com.br/public/placar/img/voter/204525.jpg
Não quis responder,Euclydes Pettersen ,PSC,MG,https://arte.estadao.com.br/public/placar/img/voter/204482.jpg
Não quis responder,Charles Fernandes ,PSD,BA,https://arte.estadao.com.br/public/placar/img/voter/205476.jpg
Não quis responder,Danrlei de Deus Hinterholz ,PSD,RS,https://arte.estadao.com.br/public/placar/img/voter/160552.jpg
Não quis responder,Fábio Trad ,PSD,MS,https://arte.estadao.com.br/public/placar/img/voter/160587.jpg
Não quis responder,Ricardo Guidi ,PSD,SC,https://arte.estadao.com.br/public/placar/img/voter/204362.jpg
Não quis responder,Sargento Fahur ,PSD,PR,https://arte.estadao.com.br/public/placar/img/voter/204387.jpg
Não quis responder,Aécio Neves ,PSDB,MG,https://arte.estadao.com.br/public/placar/img/voter/74646.jpg
Não quis responder,Bruna Furlan ,PSDB,SP,https://arte.estadao.com.br/public/placar/img/voter/160589.jpg
Não quis responder,Célio Silveira ,PSDB,GO,https://arte.estadao.com.br/public/placar/img/voter/178876.jpg
Não quis responder,Daniel Trzeciak ,PSDB,RS,https://arte.estadao.com.br/public/placar/img/voter/204409.jpg
Não quis responder,Danilo Forte ,PSDB,CE,https://arte.estadao.com.br/public/placar/img/voter/62881.jpg
Não quis responder,Domingos Sávio ,PSDB,MG,https://arte.estadao.com.br/public/placar/img/voter/160758.jpg
Não quis responder,Geovania de Sá ,PSDB,SC,https://arte.estadao.com.br/public/placar/img/voter/178966.jpg
Não quis responder,Lucas Redecker ,PSDB,RS,https://arte.estadao.com.br/public/placar/img/voter/204404.jpg
Não quis responder,Nilson Pinto ,PSDB,PA,https://arte.estadao.com.br/public/placar/img/voter/74352.jpg
Não quis responder,Paulo Abi-Ackel ,PSDB,MG,https://arte.estadao.com.br/public/placar/img/voter/141516.jpg
Não quis responder,Pedro Vilela ,PSDB,AL,https://arte.estadao.com.br/public/placar/img/voter/178844.jpg
Não quis responder,Ruy Carneiro ,PSDB,PB,https://arte.estadao.com.br/public/placar/img/voter/160635.jpg
Não quis responder,Shéridan ,PSDB,RR,https://arte.estadao.com.br/public/placar/img/voter/178961.jpg
Não quis responder,Tereza Nelma ,PSDB,AL,https://arte.estadao.com.br/public/placar/img/voter/204466.jpg
Não quis responder,Abou Anni ,PSL,SP,https://arte.estadao.com.br/public/placar/img/voter/204521.jpg
Não quis responder,Charlles Evangelista ,PSL,MG,https://arte.estadao.com.br/public/placar/img/voter/204490.jpg
Não quis responder,Delegado Marcelo Freitas ,PSL,MG,https://arte.estadao.com.br/public/placar/img/voter/204512.jpg
Não quis responder,Delegado Pablo ,PSL,AM,https://arte.estadao.com.br/public/placar/img/voter/204569.jpg
Não quis responder,Fabio Schiochet ,PSL,SC,https://arte.estadao.com.br/public/placar/img/voter/204368.jpg
Não quis responder,Felício Laterça ,PSL,RJ,https://arte.estadao.com.br/public/placar/img/voter/204477.jpg
Não quis responder,Felipe Francischini ,PSL,PR,https://arte.estadao.com.br/public/placar/img/voter/204398.jpg
Não quis responder,Gurgel ,PSL,RJ,https://arte.estadao.com.br/public/placar/img/voter/204442.jpg
Não quis responder,Joice Hasselmann ,PSL,SP,https://arte.estadao.com.br/public/placar/img/voter/204546.jpg
Não quis responder,Julian Lemos ,PSL,PB,https://arte.estadao.com.br/public/placar/img/voter/204420.jpg
Não quis responder,Loester Trutis ,PSL,MS,https://arte.estadao.com.br/public/placar/img/voter/204382.jpg
Não quis responder,Nereu Crispim ,PSL,RS,https://arte.estadao.com.br/public/placar/img/voter/204415.jpg
Não quis responder,Professor Joziel ,PSL,RJ,https://arte.estadao.com.br/public/placar/img/voter/204446.jpg
Não quis responder,Professora Dayane Pimentel ,PSL,BA,https://arte.estadao.com.br/public/placar/img/voter/204565.jpg
Não quis responder,David Miranda ,PSOL,RJ,https://arte.estadao.com.br/public/placar/img/voter/205548.jpg
Não quis responder,Helder Salomão ,PT,ES,https://arte.estadao.com.br/public/placar/img/voter/178873.jpg
Não quis responder,Henrique Fontana ,PT,RS,https://arte.estadao.com.br/public/placar/img/voter/73482.jpg
Não quis responder,Marcon ,PT,RS,https://arte.estadao.com.br/public/placar/img/voter/160535.jpg
Não quis responder,Natália Bonavides ,PT,RN,https://arte.estadao.com.br/public/placar/img/voter/204453.jpg
Não quis responder,Padre João ,PT,MG,https://arte.estadao.com.br/public/placar/img/voter/160556.jpg
Não quis responder,Paulo Guedes ,PT,MG,https://arte.estadao.com.br/public/placar/img/voter/204492.jpg
Não quis responder,Paulo Pimenta ,PT,RS,https://arte.estadao.com.br/public/placar/img/voter/74400.jpg
Não quis responder,Pedro Uczai ,PT,SC,https://arte.estadao.com.br/public/placar/img/voter/160604.jpg
Não quis responder,Rogério Correia ,PT,MG,https://arte.estadao.com.br/public/placar/img/voter/204480.jpg
Não quis responder,Vander Loubet ,PT,MS,https://arte.estadao.com.br/public/placar/img/voter/74376.jpg
Não quis responder,Zé Carlos ,PT,MA,https://arte.estadao.com.br/public/placar/img/voter/178889.jpg
Não quis responder,Zé Neto ,PT,BA,https://arte.estadao.com.br/public/placar/img/voter/204559.jpg
Não quis responder,Zeca Dirceu ,PT,PR,https://arte.estadao.com.br/public/placar/img/voter/160592.jpg
Não quis responder,Eduardo Costa ,PTB,PA,https://arte.estadao.com.br/public/placar/img/voter/204500.jpg
Não quis responder,Emanuel Pinheiro Neto ,PTB,MT,https://arte.estadao.com.br/public/placar/img/voter/198783.jpg
Não quis responder,Maurício Dziedricki ,PTB,RS,https://arte.estadao.com.br/public/placar/img/voter/75431.jpg
Não quis responder,Nivaldo Albuquerque ,PTB,AL,https://arte.estadao.com.br/public/placar/img/voter/194260.jpg
Não quis responder,Pedro Augusto Bezerra ,PTB,CE,https://arte.estadao.com.br/public/placar/img/voter/90201.jpg
Não quis responder,Pedro Lucas Fernandes ,PTB,MA,https://arte.estadao.com.br/public/placar/img/voter/122974.jpg
Não quis responder,Santini ,PTB,RS,https://arte.estadao.com.br/public/placar/img/voter/90842.jpg
Não quis responder,Wilson Santiago ,PTB,PB,https://arte.estadao.com.br/public/placar/img/voter/74044.jpg
Não quis responder,Leandre ,PV,PR,https://arte.estadao.com.br/public/placar/img/voter/178832.jpg
Não quis responder,Augusto Coutinho ,Solidariedade,PE,https://arte.estadao.com.br/public/placar/img/voter/160665.jpg
Não quis responder,Aureo Ribeiro ,Solidariedade,RJ,https://arte.estadao.com.br/public/placar/img/voter/160512.jpg
Não quis responder,Dr. Leonardo ,Solidariedade,MT,https://arte.estadao.com.br/public/placar/img/voter/204439.jpg
Não quis responder,Genecias Noronha ,Solidariedade,CE,https://arte.estadao.com.br/public/placar/img/voter/160669.jpg
Não quis responder,Lucas Vergilio ,Solidariedade,GO,https://arte.estadao.com.br/public/placar/img/voter/178879.jpg
Não foi encontrado,Igor Kannário ,DEM,BA,https://arte.estadao.com.br/public/placar/img/voter/204564.jpg
Não foi encontrado,Marlon Santos ,PDT,RS,https://arte.estadao.com.br/public/placar/img/voter/204403.jpg
Não foi encontrado,Luiz Antônio Corrêa ,PL,RJ,https://arte.estadao.com.br/public/placar/img/voter/204448.jpg
Não foi encontrado,Acácio Favacho ,PROS,AP,https://arte.estadao.com.br/public/placar/img/voter/204379.jpg
Não foi encontrado,Vaidon Oliveira ,PROS,CE,https://arte.estadao.com.br/public/placar/img/voter/195866.jpg
Não foi encontrado,Emidinho Madeira ,PSB,MG,https://arte.estadao.com.br/public/placar/img/voter/161550.jpg
Não foi encontrado,Jefferson Campos ,PSB,SP,https://arte.estadao.com.br/public/placar/img/voter/74273.jpg
Não foi encontrado,Mariana Carvalho ,PSDB,RO,https://arte.estadao.com.br/public/placar/img/voter/178956.jpg
Não foi encontrado,Célio Moura ,PT,TO,https://arte.estadao.com.br/public/placar/img/voter/204370.jpg
Não foi encontrado,José Airton Félix Cirilo ,PT,CE,https://arte.estadao.com.br/public/placar/img/voter/141464.jpg
